platform,subreddit,created_utc,text,clean_text,sentiment_score,sentiment_label,sentiment_confidence
reddit,spotify,2025-04-16 14:17:50,"Spotify is down rn Spotify is down for me rn, anyone else?       submitted by     /u/bigburgerboi2005      [link]   [comments]",spotify is down rn spotify is down for me rn anyone else submitted by u bigburgerboi link comments,0.0,neutral,0.0
reddit,spotify,2025-09-10 18:45:33,"Lossless is Finally Coming to Spotify! It's finally happening! Link to an article about it will be in the comments since I can't share it in the post~   Also, there wasn't really an applicable news flair (though the rules do say that posts about news/ spotify features are welcome!), so I picked the one with discussion in it; apologies if that's the wrong choice.   Eta - from this subs rules page:     Discussion about music, playlist creation, and Spotify features are encouraged.        submitted by     /u/SnatcherGirl      [link]   [comments]",lossless is finally coming to spotify it s finally happening link to an article about it will be in the comments since i can t share it in the post also there wasn t really an applicable news flair though the rules do say that posts about news spotify features are welcome so i picked the one with discussion in it apologies if that s the wrong choice eta from this subs rules page discussion about music playlist creation and spotify features are encouraged submitted by u snatchergirl link comments,0.6908,positive,0.6908
reddit,spotify,2025-12-03 12:21:55,"Spotify wrapped is out. Share your wrap here! Damn I listened way less spotify this year, I didn't played spotify as much I used to do last 2 years, mostly because I played music videos in my triple screen monitor setup and forget about it. Before I used to play it in my Alexa devices and mostly in Gym, but this year I hardly went to 2 months of gym, so.   Top 5 artists:     Shy Martin - 890 minutes, top 0.05%   The Chainsmokers   Gryffin   Hoang   Fly By Midnight     Top 5 songs (out of 2957):     Drove You Away (Fly By Midnight) - 42 times   Feelings (Shy Martin)   Good Together (Shy Martin)   Softcore (The Neighbourhood)   I WANT YOU (ehren)     Top 5 albums (out of 13):     Gravity (Gryffin)   Fictional Illustrations (New Order)   World War Joy (The Chainsmokers)   Alive (Gryffin)   All 4 Nothing (Lauv)     Top 5 genres:     Future Bass   Dance Pop   Synthpop   Alternative Pop   Tropical House     Listening Age  - 24   Total minutes  - 37,390   My 2025 Wrapped:  https://i.ibb.co/vCS2Hkjd/f1d4e8f5-6.png   My playlist:  https://open.spotify.com/playlist/37i9dQZEVXdeUB4P5K19y2?si=9ea103320e2446b3     2024: 92,961  2023: 129,297  2022: 35,957      submitted by     /u/VDownshift      [link]   [comments]",spotify wrapped is out share your wrap here damn i listened way less spotify this year i didn t played spotify as much i used to do last years mostly because i played music videos in my triple screen monitor setup and forget about it before i used to play it in my alexa devices and mostly in gym but this year i hardly went to months of gym so top artists shy martin minutes top the chainsmokers gryffin hoang fly by midnight top songs out of drove you away fly by midnight times feelings shy martin good together shy martin softcore the neighbourhood i want you ehren top albums out of gravity gryffin fictional illustrations new order world war joy the chainsmokers alive gryffin all nothing lauv top genres future bass dance pop synthpop alternative pop tropical house listening age total minutes my wrapped my playlist submitted by u vdownshift link comments,0.9478,positive,0.9478
reddit,spotify,2025-01-22 15:24:50,Spotify Donates 150000 to Trump https://pitchfork.com/news/spotify-hosts-trump-inauguration-brunch-and-makes-150000-donation-to-ceremony/      submitted by     /u/BacktotheTruther      [link]   [comments],spotify donates to trump submitted by u backtothetruther link comments,0.0,neutral,0.0
reddit,spotify,2025-05-03 12:50:04,"11 year spotify user‚Ä¶ trying out apple music and shocked i know people have complained about spotify‚Äôs shuffle, but i never really understood why. i got apple music 3 hours ago, and the quality difference in shuffle is immediately noticeable. i‚Äôm hearing songs i haven‚Äôt heard in years. it also feels like the songs have a cohesion?? my spotify library has 7k+ songs and i used a playlist sync tool to get them on apple‚Ä¶. wow. and the quality of course. this might make me switch permanently‚Ä¶ the only thing i will miss is spotify user playlists.       submitted by     /u/frangelito      [link]   [comments]",year spotify user trying out apple music and shocked i know people have complained about spotify s shuffle but i never really understood why i got apple music hours ago and the quality difference in shuffle is immediately noticeable i m hearing songs i haven t heard in years it also feels like the songs have a cohesion my spotify library has k songs and i used a playlist sync tool to get them on apple wow and the quality of course this might make me switch permanently the only thing i will miss is spotify user playlists submitted by u frangelito link comments,0.7227,positive,0.7227
reddit,spotify,2025-11-13 17:41:37,"Spotify finally updates Shuffle to include fewer repeats https://newsroom.spotify.com/2025-11-13/shuffle-update-fewer-repeats/   ""We‚Äôve also updated our default Shuffle so you‚Äôll get  Fewer Repeats  when you listen. This version takes your recent listening into account, so songs you heard recently are less likely to repeat soon, helping your playlists stay fresh and surprising.""      submitted by     /u/toberelated      [link]   [comments]",spotify finally updates shuffle to include fewer repeats we ve also updated our default shuffle so you ll get fewer repeats when you listen this version takes your recent listening into account so songs you heard recently are less likely to repeat soon helping your playlists stay fresh and surprising submitted by u toberelated link comments,0.6808,positive,0.6808
reddit,spotify,2023-11-19 23:53:06,"Furious about Spotify audiobooks I got 15 hours into a 16-hour audiobook and suddenly it stops playing and I get a message ‚ÄúYou‚Äôve used up all the included audiobook listening time in your plan this month.‚Äù Spotify, don‚Äôt advertise something to me as ‚ÄúIncluded in Premium‚Äù if you‚Äôre going to ration it. You aren‚Äôt including an audiobook if I can‚Äôt finish the damn thing without handing you $12.99 for some cockamamie ‚Äútop-up‚Äù cash grab. I‚Äôve had a Spotify Premium account for ages and I have never been as angry at them as I am right now.    Guess I‚Äôm going back to checking out audiobooks for free via the public library and Libby.      submitted by     /u/RandomNumberHere      [link]   [comments]",furious about spotify audiobooks i got hours into a hour audiobook and suddenly it stops playing and i get a message you ve used up all the included audiobook listening time in your plan this month spotify don t advertise something to me as included in premium if you re going to ration it you aren t including an audiobook if i can t finish the damn thing without handing you for some cockamamie top up cash grab i ve had a spotify premium account for ages and i have never been as angry at them as i am right now guess i m going back to checking out audiobooks for free via the public library and libby submitted by u randomnumberhere link comments,0.1536,positive,0.1536
reddit,spotify,2025-12-15 14:35:31,Spotify appears to be down Downdetector shows a ton of outages and it isn't working on my phone.   Edit: It appears to be back up.      submitted by     /u/SSJ3wiggy      [link]   [comments],spotify appears to be down downdetector shows a ton of outages and it isn t working on my phone edit it appears to be back up submitted by u ssj wiggy link comments,0.0,neutral,0.0
reddit,spotify,2025-06-12 18:22:12,Spotify not working? I'm sorry it's Spotify not working right now? Because i just paid for the premium individual plan like i have done so many times but i don't have It. They took the money tho but i didn't even recive the email saying i have bought It. If i try buying It again it's says i already have It.   Edit: After 2 hours it's working (at least for me) and i have my premium.      submitted by     /u/Vake886      [link]   [comments],spotify not working i m sorry it s spotify not working right now because i just paid for the premium individual plan like i have done so many times but i don t have it they took the money tho but i didn t even recive the email saying i have bought it if i try buying it again it s says i already have it edit after hours it s working at least for me and i have my premium submitted by u vake link comments,0.217,positive,0.217
reddit,spotify,2023-01-14 01:35:25,"No, it's not just you. Spotify is having some major issues right now. About 15 minutes ago, all of my Spotify apps (Windows, website, and Android) stopped being able to open album pages or even show them on artist pages.   Now streaming has stopped. Starting a new song plays a few seconds of it before it stops, but that might just be from cache.   https://downdetector.com/status/spotify/   Please share your similar experiences   Updates:    TIL there is an official Spotify status page:  https://status.spotify.dev/   They also have a Twitter account and they have tweeted about the issue. You can follow that if you want real-time updates pushed to you:  https://twitter.com/SpotifyStatus   The Spotify app on my Firestick seems to be working again, but not my Windows desktop app.   Android app works for me again, but it's not synced to what's playing on my Firestick   Windows desktop app is now working, but still won't sync with my Firestick   Actually it just did. Everything seems to be working for me now      submitted by     /u/paintingTape      [link]   [comments]",no it s not just you spotify is having some major issues right now about minutes ago all of my spotify apps windows website and android stopped being able to open album pages or even show them on artist pages now streaming has stopped starting a new song plays a few seconds of it before it stops but that might just be from cache please share your similar experiences updates til there is an official spotify status page they also have a twitter account and they have tweeted about the issue you can follow that if you want real time updates pushed to you the spotify app on my firestick seems to be working again but not my windows desktop app android app works for me again but it s not synced to what s playing on my firestick windows desktop app is now working but still won t sync with my firestick actually it just did everything seems to be working for me now submitted by u paintingtape link comments,0.9032,positive,0.9032
reddit,spotify,2024-12-11 00:16:34,"Have you ever blocked a musician on Spotify? If so, why? Honestly just asking out of pure curiosity. I recently blocked Kanye as he keeps (embarrassingly) appearing on my Wrapped every year, and I‚Äôm getting sick of his music popping up in every playlist Spotify generates for me.      submitted by     /u/dingdongwashboard      [link]   [comments]",have you ever blocked a musician on spotify if so why honestly just asking out of pure curiosity i recently blocked kanye as he keeps embarrassingly appearing on my wrapped every year and i m getting sick of his music popping up in every playlist spotify generates for me submitted by u dingdongwashboard link comments,-0.7115,negative,0.7115
reddit,spotify,2024-12-29 20:31:33,"Alternatives to Spotify? I've had it with Spotify's greedy corporate bullshit. I'm so sick of rampant greed destroying everything I enjoy. I've always suspected they could use their algorithms to provide a better user experience and the latest report prove that not only are they not doing that, they are using their algorithms only to squeeze every last penny they can possibly get at the expense of their customer's listening experience. I've had enough. As much as I love the convenience, I just can't support these greedy corporate bastards anymore.   Are there any other streaming services similar to Shitify besides Amazon, and Apple? I refuse to do business with any of them.   Is Pandora still a thing?       submitted by     /u/roadrunner440x6      [link]   [comments]",alternatives to spotify i ve had it with spotify s greedy corporate bullshit i m so sick of rampant greed destroying everything i enjoy i ve always suspected they could use their algorithms to provide a better user experience and the latest report prove that not only are they not doing that they are using their algorithms only to squeeze every last penny they can possibly get at the expense of their customer s listening experience i ve had enough as much as i love the convenience i just can t support these greedy corporate bastards anymore are there any other streaming services similar to shitify besides amazon and apple i refuse to do business with any of them is pandora still a thing submitted by u roadrunner x link comments,-0.907,negative,0.907
reddit,spotify,2024-05-29 16:26:32,"What‚Äôs your reason still using Spotify? Mine is that this is the only music streaming app with which I can download music to my Apple Watch, so I can listen offline without my phone (as far as I know this is the only one, please do let me know if there‚Äôs another one so I can finally switch).   Otherwise I just hate it more and more every single day. In a 24 hour playlist the same songs play 3 times in half an hour, every radio I go to the same songs keep repeating. It may be a strategy to keep users from using the app that much to save data - in which case, it works as a charm.   I see hundreds and thousands of people complain for years about very basic functionalities not working (a simple random shuffle for example), and this company is just laughing at people like me who are complaining, but keep paying. So what‚Äôs your reason for still paying?      submitted by     /u/Grgsz      [link]   [comments]",what s your reason still using spotify mine is that this is the only music streaming app with which i can download music to my apple watch so i can listen offline without my phone as far as i know this is the only one please do let me know if there s another one so i can finally switch otherwise i just hate it more and more every single day in a hour playlist the same songs play times in half an hour every radio i go to the same songs keep repeating it may be a strategy to keep users from using the app that much to save data in which case it works as a charm i see hundreds and thousands of people complain for years about very basic functionalities not working a simple random shuffle for example and this company is just laughing at people like me who are complaining but keep paying so what s your reason for still paying submitted by u grgsz link comments,0.5054,positive,0.5054
reddit,spotify,2021-12-09 23:00:18,"How Spotify Wrapped is Calculated [Explained] 2024 EDIT: Hey everyone! It's been a while since I wrote this post, and a lot has changed with Spotify wrapped since. I have recently published an updated article giving you all a deeper dive into how wrapped works, including new insights Check it out here:  Wrapped Analysis 2024   I was always curious about what range Spotify uses to calculate Wrapped and some other information so I downloaded my data over the years and compared it to my Wrapped to find out some more detailed information.   Key Takeaways     This year the data was logged from January 1st 00:00 to November 15th 23:59.   You have to listen to a song for more than 30 seconds for it to count in your song rankings.   Your top songs are calculated by play count rather than total time listened.   In your top 100 playlist only the first 10 songs are sorted by play count, the rest are close but sorted by artist.   Your total time listening includes podcasts.   Your top artists are calculated by total play counts rather than total time listening.     If you have any more questions about Spotify Wrapped feel free to ask and I will try to answer them.      submitted by     /u/Hudsonlovestech      [link]   [comments]",how spotify wrapped is calculated explained edit hey everyone it s been a while since i wrote this post and a lot has changed with spotify wrapped since i have recently published an updated article giving you all a deeper dive into how wrapped works including new insights check it out here wrapped analysis i was always curious about what range spotify uses to calculate wrapped and some other information so i downloaded my data over the years and compared it to my wrapped to find out some more detailed information key takeaways this year the data was logged from january st to november th you have to listen to a song for more than seconds for it to count in your song rankings your top songs are calculated by play count rather than total time listened in your top playlist only the first songs are sorted by play count the rest are close but sorted by artist your total time listening includes podcasts your top artists are calculated by total play counts rather than total time listening if you have any more questions about spotify wrapped feel free to ask and i will try to answer them submitted by u hudsonlovestech link comments,0.936,positive,0.936
reddit,spotify,2025-12-03 15:48:11,"Does anyone know the background music on Spotify Wrapped 2025? Hey everyone! I‚Äôm going crazy trying to find the track that plays at the end of Spotify Wrapped 2025, you know, on the page where you can choose to review specific slides. It‚Äôs a pretty chill, kind of house track with a nice bassline. It‚Äôs driving me nuts not knowing what it is! Has anyone managed to identify this song or know how to find it? Thanks in advance!    EDIT: Plan8 released the wrapped soundtrack!!! Find it here :  2025 Wrapped Soundtrack      submitted by     /u/Lanlaaan      [link]   [comments]",does anyone know the background music on spotify wrapped hey everyone i m going crazy trying to find the track that plays at the end of spotify wrapped you know on the page where you can choose to review specific slides it s a pretty chill kind of house track with a nice bassline it s driving me nuts not knowing what it is has anyone managed to identify this song or know how to find it thanks in advance edit plan released the wrapped soundtrack find it here wrapped soundtrack submitted by u lanlaaan link comments,0.7351,positive,0.7351
reddit,spotify,2024-12-27 13:03:00,What's a feature you would love to see come to Spotify? I wish we could change the tempo and pitch of songs.      submitted by     /u/LadyOfTheMorn      [link]   [comments],what s a feature you would love to see come to spotify i wish we could change the tempo and pitch of songs submitted by u ladyofthemorn link comments,0.7845,positive,0.7845
reddit,spotify,2025-07-01 18:14:34,Share your Spotify profile here! (7/1/25) Looking for Spotify profiles to follow? Share yours and look for profiles to follow here!   We encourage everyone to submit individual playlists as new posts.      submitted by     /u/whyisthissticky      [link]   [comments],share your spotify profile here looking for spotify profiles to follow share yours and look for profiles to follow here we encourage everyone to submit individual playlists as new posts submitted by u whyisthissticky link comments,0.7717,positive,0.7717
reddit,spotify,2024-09-27 15:43:07,Is Spotify down? Is anyone else's Spotify suddenly not working.      submitted by     /u/jackbowls      [link]   [comments],is spotify down is anyone else s spotify suddenly not working submitted by u jackbowls link comments,0.0,neutral,0.0
reddit,spotify,2025-06-25 10:10:36,Drop your Spotify profile and show off your playlists! Here's mine!   spoti.fi/49OnHmr      submitted by     /u/77AndyP      [link]   [comments],drop your spotify profile and show off your playlists here s mine spoti fi onhmr submitted by u andyp link comments,-0.2732,negative,0.2732
reddit,spotify,2023-11-29 17:51:59,"Is anyone else‚Äôs Spotify wrapped just totally wrong? I‚Äôm a heavy user of Spotify, I know exactly what should be in my top songs.. instead it‚Äôs just songs Iv honestly never heard of?   My stats are literally about 5% things I recognise, 95% songs and artists I have never listened to in my life.    For example my top played artist is usher.. never listened to Usher before.    It‚Äôs totally wrong has anyone else had this issue?   UPDATE:::: Iv just gone to statsforspotify.com and it all looks like how it should be. Recognise all my top artists and everything seems correct, it‚Äôs total different data to my unwrapped. FFS SPOTIFY.    Edit: I love receiving my wrapped for the year and it‚Äôs always really insightful for how my taste has changed and what kept me happy this year. Feel abit robbed that it‚Äôs all totally wrong.. I have paid quite abit for Spotify all in all so would be nice to get this sorted.. can anyone advise?      submitted by     /u/Saladassembly      [link]   [comments]",is anyone else s spotify wrapped just totally wrong i m a heavy user of spotify i know exactly what should be in my top songs instead it s just songs iv honestly never heard of my stats are literally about things i recognise songs and artists i have never listened to in my life for example my top played artist is usher never listened to usher before it s totally wrong has anyone else had this issue update iv just gone to statsforspotify com and it all looks like how it should be recognise all my top artists and everything seems correct it s total different data to my unwrapped ffs spotify edit i love receiving my wrapped for the year and it s always really insightful for how my taste has changed and what kept me happy this year feel abit robbed that it s all totally wrong i have paid quite abit for spotify all in all so would be nice to get this sorted can anyone advise submitted by u saladassembly link comments,0.8066,positive,0.8066
reddit,spotify,2025-09-03 17:43:42,"Share your Spotify profile here! (September 3, 2025) Looking for Spotify profiles to follow? Share your user or artist profile and look for profiles to follow here!   We encourage everyone to submit individual PLAYLISTS as new posts. Do not post individual tracks or playlists within this thread. Do not post user or artist profiles as a new post, please use this thread. Just a reminder, this sub is not for promotion or advertisement.   Last post here:  Share your Spotify profile here! (July 20, 2025)      submitted by     /u/whyisthissticky      [link]   [comments]",share your spotify profile here september looking for spotify profiles to follow share your user or artist profile and look for profiles to follow here we encourage everyone to submit individual playlists as new posts do not post individual tracks or playlists within this thread do not post user or artist profiles as a new post please use this thread just a reminder this sub is not for promotion or advertisement last post here share your spotify profile here july submitted by u whyisthissticky link comments,0.8807,positive,0.8807
reddit,spotify,2024-12-06 10:51:39,"For those who have 60k+ Spotify minutes this year, what was your routine? Was it the daily commute? Bedrotting with spotify? I‚Äôm curious       submitted by     /u/OverheatedGratin      [link]   [comments]",for those who have k spotify minutes this year what was your routine was it the daily commute bedrotting with spotify i m curious submitted by u overheatedgratin link comments,0.3182,positive,0.3182
reddit,spotify,2025-07-20 19:34:41,"Share your Spotify profile here! (July 20, 2025) Looking for Spotify profiles to follow? Share your user or artist profile and look for profiles to follow here!    We encourage everyone to submit individual playlists as new posts. Do not post individual tracks or playlists within this thread. Just a reminder, this sub is not for promotion or advertisement.   Last week's post here:  Share your Spotify profile here! (July 10, 2025)      submitted by     /u/whyisthissticky      [link]   [comments]",share your spotify profile here july looking for spotify profiles to follow share your user or artist profile and look for profiles to follow here we encourage everyone to submit individual playlists as new posts do not post individual tracks or playlists within this thread just a reminder this sub is not for promotion or advertisement last week s post here share your spotify profile here july submitted by u whyisthissticky link comments,0.836,positive,0.836
reddit,spotify,2025-08-18 03:49:54,"What is 1 feature Spotify needs to add? I think they need to add the Spatial Audio like Apple has, it‚Äôs so immersive and sounds amazing. What do you think they should add?      submitted by     /u/BobTheSkittle      [link]   [comments]",what is feature spotify needs to add i think they need to add the spatial audio like apple has it s so immersive and sounds amazing what do you think they should add submitted by u bobtheskittle link comments,0.743,positive,0.743
reddit,spotify,2024-12-19 00:37:24,"New Report Alleges Spotify Is Filling Playlists with Ghost Artists to Minimize Royalty Costs https://consequence.net/2024/12/spotify-perfect-fit-content-report/   According to a detailed new report from Liz Pelly for Harper‚Äôs Magazine, Spotify is supplementing playlists with ‚Äúghost artists‚Äù as a means of decreasing the amount of royalties to pay and increasing overall profit margins. Known as Perfect Fit Content, this practice allegedly primarily impacts playlists in genres like jazz, classical, ambient, and lo-fi hip-hop.   The PFC program, which was introduced to Spotify editors in 2017, is reportedly designed as a way to prioritize profitability ‚Äî by partnering with a ‚Äúweb‚Äù of production companies, many of which are located outside the US, it appears that Spotify has successfully increased the percentage of total streams towards music that is cheaper for the platform to host. Fewer royalties are paid out to real artists, while payments go to the PFC partners. The PFC partners create music to be shared under hundreds of artist profiles, many of which are completely empty and generate inconclusive searches upon further inspection.   The report includes insights from former Spotify staff, such as a playlist editor who explained that many employees didn‚Äôt initially know where the music is coming from; the internal attitude became, ‚ÄúIf the metrics went up, then let‚Äôs just keep replacing more and more, because if the user doesn‚Äôt notice, then it‚Äôs fine.‚Äù   Pelly, who has been digging into this story for years, even traveled to Sweden in 2023 to meet with staff at local outlet Dagens Nyheter, a publication that helped revive allegations of ghost artists. Their findings revealed that around twenty songwriters are behind the work of more than five hundred ‚Äúartists,‚Äù and that thousands of their tracks on Spotify have been streamed millions of times. One of these artists features a ‚Äúcompletely made up‚Äù bio.   But not everyone at Spotify is on board with the program. ‚ÄúMany of the playlist editors ‚Äî whom Spotify had touted in the press as music lovers with encyclopedic knowledge ‚Äî are uninterested in participating in the scheme,‚Äù the report details. ‚ÄúThe company started to bring on editors who seemed less bothered by the PFC model.‚Äù   Some of the platform‚Äôs most popular playlists, including those titled Ambient Relaxation, Deep Focus, Cocktail Jazz, and Bossa Nova Dinner, are found to be almost entirely made up of PFC music. Additionally, many of the now-departed staff members believe the company could be moving towards AI running the program.   While Spotify has repeatedly denied allegations of creating music in-house, characterizing these claims as ‚Äúcategorically untrue, full stop,‚Äù their cause was not helped by CEO Daniel Ek, who oddly remarked that ‚Äúcreating content‚Äù costs ‚Äúclose to zero‚Äù earlier this year.   The report arrives in a time where Spotify is under extra scrutiny for the division between human-made and AI-generated products; many users expressed disappointment over this year‚Äôs lackluster edition of Spotify Wrapped, which leaned heavily into AI and felt largely devoid of its celebratory personality. What‚Äôs more, with Ek still taking home a massive paycheck, no artist on the platform comes anywhere close to making as much through royalties ‚Äì not even the most-streamed artist of 2024, Taylor Swift.      submitted by     /u/WiretapStudios      [link]   [comments]",new report alleges spotify is filling playlists with ghost artists to minimize royalty costs according to a detailed new report from liz pelly for harper s magazine spotify is supplementing playlists with ghost artists as a means of decreasing the amount of royalties to pay and increasing overall profit margins known as perfect fit content this practice allegedly primarily impacts playlists in genres like jazz classical ambient and lo fi hip hop the pfc program which was introduced to spotify editors in is reportedly designed as a way to prioritize profitability by partnering with a web of production companies many of which are located outside the us it appears that spotify has successfully increased the percentage of total streams towards music that is cheaper for the platform to host fewer royalties are paid out to real artists while payments go to the pfc partners the pfc partners create music to be shared under hundreds of artist profiles many of which are completely empty and generate inconclusive searches upon further inspection the report includes insights from former spotify staff such as a playlist editor who explained that many employees didn t initially know where the music is coming from the internal attitude became if the metrics went up then let s just keep replacing more and more because if the user doesn t notice then it s fine pelly who has been digging into this story for years even traveled to sweden in to meet with staff at local outlet dagens nyheter a publication that helped revive allegations of ghost artists their findings revealed that around twenty songwriters are behind the work of more than five hundred artists and that thousands of their tracks on spotify have been streamed millions of times one of these artists features a completely made up bio but not everyone at spotify is on board with the program many of the playlist editors whom spotify had touted in the press as music lovers with encyclopedic knowledge are uninterested in participating in the scheme the report details the company started to bring on editors who seemed less bothered by the pfc model some of the platform s most popular playlists including those titled ambient relaxation deep focus cocktail jazz and bossa nova dinner are found to be almost entirely made up of pfc music additionally many of the now departed staff members believe the company could be moving towards ai running the program while spotify has repeatedly denied allegations of creating music in house characterizing these claims as categorically untrue full stop their cause was not helped by ceo daniel ek who oddly remarked that creating content costs close to zero earlier this year the report arrives in a time where spotify is under extra scrutiny for the division between human made and ai generated products many users expressed disappointment over this year s lackluster edition of spotify wrapped which leaned heavily into ai and felt largely devoid of its celebratory personality what s more with ek still taking home a massive paycheck no artist on the platform comes anywhere close to making as much through royalties not even the most streamed artist of taylor swift submitted by u wiretapstudios link comments,0.9199,positive,0.9199
reddit,truespotify,2025-11-09 01:42:12,"Wtf spotify With the utmost respect what he fuck is Spotify doing, at this point they just give features out randomly, I made a new account cause I shared an account with a friend and our music tastes overlapped too much so it ruined my recommendations and I randomly switched to the new account to see the feature I've been waiting for on my old account ??       submitted by     /u/dj_bluee24      [link]   [comments]",wtf spotify with the utmost respect what he fuck is spotify doing at this point they just give features out randomly i made a new account cause i shared an account with a friend and our music tastes overlapped too much so it ruined my recommendations and i randomly switched to the new account to see the feature i ve been waiting for on my old account submitted by u dj bluee link comments,-0.4549,negative,0.4549
reddit,truespotify,2026-01-11 15:59:29,Spotify really needs an AI filter already. submitted by     /u/PureRushPwneD      [link]   [comments],spotify really needs an ai filter already submitted by u purerushpwned link comments,0.0,neutral,0.0
reddit,truespotify,2024-12-04 13:25:55,"2024 Spotify Wrapped was awful No interesting stats, no genres, nothing. It felt super anti climatic tbh. Even the theme felt meh. Anyone else?       submitted by     /u/CautiousAd240      [link]   [comments]",spotify wrapped was awful no interesting stats no genres nothing it felt super anti climatic tbh even the theme felt meh anyone else submitted by u cautiousad link comments,-0.8572,negative,0.8572
reddit,truespotify,2025-09-15 13:11:47,Spotify will now let free users pick and play tracks submitted by     /u/vinhphm      [link]   [comments],spotify will now let free users pick and play tracks submitted by u vinhphm link comments,0.6908,positive,0.6908
reddit,truespotify,2025-09-12 11:57:13,"I‚Äôm John, engineering manager at Spotify. I helped develop the Lossless feature. AMA! Hey all!   I‚Äôm John, an engineering manager at Spotify, and for the past couple of years, I‚Äôve been a part of the team working on Spotify Lossless. It‚Äôs finally rolling out in Premium, and I‚Äôm here to do an  AMA on Friday, September 12th from 10am-11am ET  to answer your questions about how it works, what exactly it is, what to expect as it rolls out, and more.   A little about me: I‚Äôve been at Spotify for 7 years, working on the consumer UX side of things. Basically, I care HUGELY about delivering software that people will love. That‚Äôs what motivates me. Lossless has been one of the most exciting (and challenging!) projects I‚Äôve worked on, and I‚Äôm really proud of what our team has built.   So today, ask me anything about:     How Lossless streaming works   Supported devices, data use, storage, or sound quality   The UX experience   And even some Lossless trivia!     Can‚Äôt wait to chat and geek out about audio quality with you all üéß    - John, Spotify Engineering Manager   --   Update:  Sorry all, tried to stay on a little longer but have to run now! Can I leave you with a true story that there was a moment in this project where we had a typo and launched ""ossless"" to all our team. So for a few hours, everyone internally was streaming in full ""ossless"" ü§£ Still sounded great though... In all seriousness, thank you all so much for all the questions. It was great to celebrate the launch of Lossless with you all üíö   https://preview.redd.it/cdul1sle1qof1.jpg?width=3024&format=pjpg&auto=webp&s=70aaeb8ace2e815137b6a11ed64cd3d30dad09f9      submitted by     /u/ThisIsSpotify      [link]   [comments]",i m john engineering manager at spotify i helped develop the lossless feature ama hey all i m john an engineering manager at spotify and for the past couple of years i ve been a part of the team working on spotify lossless it s finally rolling out in premium and i m here to do an ama on friday september th from am am et to answer your questions about how it works what exactly it is what to expect as it rolls out and more a little about me i ve been at spotify for years working on the consumer ux side of things basically i care hugely about delivering software that people will love that s what motivates me lossless has been one of the most exciting and challenging projects i ve worked on and i m really proud of what our team has built so today ask me anything about how lossless streaming works supported devices data use storage or sound quality the ux experience and even some lossless trivia can t wait to chat and geek out about audio quality with you all john spotify engineering manager update sorry all tried to stay on a little longer but have to run now can i leave you with a true story that there was a moment in this project where we had a typo and launched ossless to all our team so for a few hours everyone internally was streaming in full ossless still sounded great though in all seriousness thank you all so much for all the questions it was great to celebrate the launch of lossless with you all submitted by u thisisspotify link comments,0.9874,positive,0.9874
reddit,truespotify,2024-12-05 15:49:43,Why Spotify wrapped sucks this year Just saw this info on Threads and wanted to share it with you. Didn't verify this myself so feel free to do with this info whatever you want      submitted by     /u/incko      [link]   [comments],why spotify wrapped sucks this year just saw this info on threads and wanted to share it with you didn t verify this myself so feel free to do with this info whatever you want submitted by u incko link comments,0.5542,positive,0.5542
reddit,truespotify,2025-04-16 13:12:58,Spotify is down submitted by     /u/GradeyDickBotAccount      [link]   [comments],spotify is down submitted by u gradeydickbotaccount link comments,0.0,neutral,0.0
reddit,truespotify,2025-12-22 07:40:40,"Spotify‚Äôs Entire Music Library Has Been Leaked Online by A Pirate Activist Group I summarized the Anna's Archive (Hacker) blog as I can't include the url:   Blog Highlights     'Back[ing] up' close to 300TB of metadata and music files distributed in bulk torrents grouped by popularity   First fully open 'preservation archive' for music with 86 million music files representing 99.6% of listens   Recently 'discovered a way to scrape Spotify at scale'   Cutoff is 2025-07 and anything after that date may not be present   Data will be released in various stages:    Metadata already released (Dec 2025)   Music files , additional file metadata, album art, .ztdpatch files     'Downloading of individual files' could be added to Anna's Archive   Collection Overview: 15M Artists, 59M Albums, 256M Songs   Ranking the entire Spotify catalogue for your convenient mass consumption     Anna's Archive:  An open source engine for shadow libraries launched by the pseudonymous Anna. It aggregates records from other freely accessible databases, often to their own detriment ($ 5 million in damages from OCLC after scraping the Worldcat database).     Claim not to be liable for downloads of copyrighted works instead linking to 3rd party sites (Section 230)   Has faced government blocks, legal action from rightsholders (copyright), as well as mass removal of their URLs from search results -> to the tune of 749 million and counting     My Take   Preamble:   I know this will be somewhat of an unpopular opinion, running contrary to the anarchist sympathizers and music content liberation crowds. I'm only here to provide an opinion that is (a) a devil's advocate argument, (b) from an individual who is concerned about and in favor of actual legitimate preservation of art, history, culture, etc. (preservation of expired license video games, open source, public domain), and (c) a rational take considering the circumstances.   Actual Take:   This is an unprecedented breach, almost  37 times larger  that of the now second-largest archive (MusicBrainz) and even then MusicBrainz is solely concerned with metadata.   Anna's Archive has carried out brazen mass-scale DRM subversion (DMCA Section 1201) with the added caveat that they are now (a) thinking about allowing wide scale distribution of files via their own site, (b) asking for donations to carry out said sharing of (yes, it is) pirated content, and (c) now asking individuals to face consequences, subject to their ISPS, for torrenting licensed content.   Now a potential response to the above is that (a) Spotify should have implemented far more durable cybersecurity practices, (b) that this sort of outcome is reciprocal justice for Spotify's putrid payouts for artists, and that (c) the 'means justify the ends', however I find that take extremely dangerous:     Spotify is still a genuine stream of revenue for artists and by making it free, you are undermining attempts to argue for better compensation   Providing a database with the core organization metric being 'popularity' rings hollow towards the advertised sole purpose of archiving.   Devalues licensing and the use of catalogues as artist revenue generation   Attracts other malicious actors to 'hit' Spotify for user data   (Worse of them all) Provides a breeding ground for AI generation through a massive content database   (Even worse) Puts a target on genuine preservationist efforts regardless of how much they adhere to Free Use and best practices     Now Anna's Archive is distributed, lack assets, etc., so the threat of them being taken down is difficult, but still I'm quite worried about where this goes.      submitted by     /u/ShowerSufficient4165      [link]   [comments]",spotify s entire music library has been leaked online by a pirate activist group i summarized the anna s archive hacker blog as i can t include the url blog highlights back ing up close to tb of metadata and music files distributed in bulk torrents grouped by popularity first fully open preservation archive for music with million music files representing of listens recently discovered a way to scrape spotify at scale cutoff is and anything after that date may not be present data will be released in various stages metadata already released dec music files additional file metadata album art ztdpatch files downloading of individual files could be added to anna s archive collection overview m artists m albums m songs ranking the entire spotify catalogue for your convenient mass consumption anna s archive an open source engine for shadow libraries launched by the pseudonymous anna it aggregates records from other freely accessible databases often to their own detriment million in damages from oclc after scraping the worldcat database claim not to be liable for downloads of copyrighted works instead linking to rd party sites section has faced government blocks legal action from rightsholders copyright as well as mass removal of their urls from search results to the tune of million and counting my take preamble i know this will be somewhat of an unpopular opinion running contrary to the anarchist sympathizers and music content liberation crowds i m only here to provide an opinion that is a a devil s advocate argument b from an individual who is concerned about and in favor of actual legitimate preservation of art history culture etc preservation of expired license video games open source public domain and c a rational take considering the circumstances actual take this is an unprecedented breach almost times larger that of the now second largest archive musicbrainz and even then musicbrainz is solely concerned with metadata anna s archive has carried out brazen mass scale drm subversion dmca section with the added caveat that they are now a thinking about allowing wide scale distribution of files via their own site b asking for donations to carry out said sharing of yes it is pirated content and c now asking individuals to face consequences subject to their isps for torrenting licensed content now a potential response to the above is that a spotify should have implemented far more durable cybersecurity practices b that this sort of outcome is reciprocal justice for spotify s putrid payouts for artists and that c the means justify the ends however i find that take extremely dangerous spotify is still a genuine stream of revenue for artists and by making it free you are undermining attempts to argue for better compensation providing a database with the core organization metric being popularity rings hollow towards the advertised sole purpose of archiving devalues licensing and the use of catalogues as artist revenue generation attracts other malicious actors to hit spotify for user data worse of them all provides a breeding ground for ai generation through a massive content database even worse puts a target on genuine preservationist efforts regardless of how much they adhere to free use and best practices now anna s archive is distributed lack assets etc so the threat of them being taken down is difficult but still i m quite worried about where this goes submitted by u showersufficient link comments,0.1468,positive,0.1468
reddit,truespotify,2025-04-08 21:00:01,Spotify shuts down the rumor about putting ads on premium. submitted by     /u/Weak-Organization-73      [link]   [comments],spotify shuts down the rumor about putting ads on premium submitted by u weak organization link comments,-0.4404,negative,0.4404
reddit,truespotify,2025-09-01 19:44:52,"New Spotify feature is doxxing I checked Spotify today and noticed a new feature that lets you DM people. I tried it and saw a list of ‚Äúsuggested friends‚Äù, most I recognized, but a few I couldn‚Äôt place. Based on the music shared (it shows every single link you‚Äôve ever sent that someone has opened, as long as they have a Spotify account), I realized some of these were people I know from Discord.   I don‚Äôt reveal my real identity on Discord, but occasionally share music in servers or while gaming. I‚Äôve always kept Discord anonymous, and Spotify has never been a ‚Äúsocial‚Äù app for me. But now it seems that anyone I‚Äôve sent a Spotify link to, if they also have an account, can potentially find me, which means they could discover my full name and other account info.   It‚Äôs a little alarming. Just something to keep in mind if you share music in servers or subreddits and want to maintain your privacy      submitted by     /u/sporoni122      [link]   [comments]",new spotify feature is doxxing i checked spotify today and noticed a new feature that lets you dm people i tried it and saw a list of suggested friends most i recognized but a few i couldn t place based on the music shared it shows every single link you ve ever sent that someone has opened as long as they have a spotify account i realized some of these were people i know from discord i don t reveal my real identity on discord but occasionally share music in servers or while gaming i ve always kept discord anonymous and spotify has never been a social app for me but now it seems that anyone i ve sent a spotify link to if they also have an account can potentially find me which means they could discover my full name and other account info it s a little alarming just something to keep in mind if you share music in servers or subreddits and want to maintain your privacy submitted by u sporoni link comments,-0.3898,negative,0.3898
reddit,truespotify,2025-08-16 12:52:02,"Spotify is working on the ability to mix songs Jane Manchun Wong via Twitter:   ‚ÄúSpotify is working on Mixing, a mixtape-like tool for curating how the playlist transitions between musics, down to the beat, effect, waveform, etc   This is like Apple Music‚Äôs AutoMix feature but gives the power of curation to the people‚Äù   https://x.com/wongmjane/status/1956582771759137095?s=46      submitted by     /u/Raffinesse      [link]   [comments]",spotify is working on the ability to mix songs jane manchun wong via twitter spotify is working on mixing a mixtape like tool for curating how the playlist transitions between musics down to the beat effect waveform etc this is like apple music s automix feature but gives the power of curation to the people submitted by u raffinesse link comments,0.4854,positive,0.4854
reddit,truespotify,2025-01-22 17:07:48,"i‚Äôve never ‚Äúliked‚Äù a song on spotify labeling this as a question because i‚Äôm wondering if i‚Äôm the only one. spotify added the ‚Äúliked songs‚Äù feature far after i‚Äôd been initially using the app, and i already log every song i like into a yearly playlist. i‚Äôm a stubborn and habitual person so i have no intention of changing this.   does anyone else not care for, or dislike the ‚Äúliked songs‚Äù feature? i personally hate that it pins itself any time i acknowledge it exists, i just don‚Äôt want to use it!      submitted by     /u/MelodicWitness4618      [link]   [comments]",i ve never liked a song on spotify labeling this as a question because i m wondering if i m the only one spotify added the liked songs feature far after i d been initially using the app and i already log every song i like into a yearly playlist i m a stubborn and habitual person so i have no intention of changing this does anyone else not care for or dislike the liked songs feature i personally hate that it pins itself any time i acknowledge it exists i just don t want to use it submitted by u melodicwitness link comments,-0.946,negative,0.946
reddit,truespotify,2024-12-04 12:10:41,Spotify wrapped 2024 is finally here submitted by     /u/Ok-Comment-9070      [link]   [comments],spotify wrapped is finally here submitted by u ok comment link comments,0.296,positive,0.296
reddit,truespotify,2025-07-30 10:58:45,Spotify has also started age verification submitted by     /u/smileguy123      [link]   [comments],spotify has also started age verification submitted by u smileguy link comments,0.0,neutral,0.0
reddit,truespotify,2024-05-01 06:30:19,"spotify premium to see the lyrics? why did spotify put the lyrics behind a a premium payment??? this is really annoying since i'm mostly deaf and i rely on the lyrics to understand the songs, but i can't get a job due to the deafness so i can't pay for the premium. this has been happening all day and i can't find anyone who is talking about this, does anyone know why spotify did this, or when it'll be reverted back to before??      submitted by     /u/MeowKat090709      [link]   [comments]",spotify premium to see the lyrics why did spotify put the lyrics behind a a premium payment this is really annoying since i m mostly deaf and i rely on the lyrics to understand the songs but i can t get a job due to the deafness so i can t pay for the premium this has been happening all day and i can t find anyone who is talking about this does anyone know why spotify did this or when it ll be reverted back to before submitted by u meowkat link comments,-0.4614,negative,0.4614
reddit,truespotify,2025-10-12 17:39:57,"Why is my Spotify taking up so much storage on my phone/ how do I lessen it? Not sure what causes this, how can I use less data for Spotify?      submitted by     /u/Ilovejuicy-theboys      [link]   [comments]",why is my spotify taking up so much storage on my phone how do i lessen it not sure what causes this how can i use less data for spotify submitted by u ilovejuicy theboys link comments,-0.2411,negative,0.2411
reddit,truespotify,2025-07-23 17:41:42,Spotify terminated my account without notice Reached out to support twice but got the same canned response. Any one else?      submitted by     /u/Independent_Sale2852      [link]   [comments],spotify terminated my account without notice reached out to support twice but got the same canned response any one else submitted by u independent sale link comments,0.1783,positive,0.1783
reddit,truespotify,2025-12-05 01:28:16,"No, Spotify is not trying guessing your real age I'm tired of seeing posts like ""Spotify said my age is 67 but I'm actually 17""   NO! Spotify is trying to guess the general age of your musical taste   This means it's guessing generally how old the music you listen to is, not your real age      submitted by     /u/fueled_lollipop      [link]   [comments]",no spotify is not trying guessing your real age i m tired of seeing posts like spotify said my age is but i m actually no spotify is trying to guess the general age of your musical taste this means it s guessing generally how old the music you listen to is not your real age submitted by u fueled lollipop link comments,-0.5574,negative,0.5574
reddit,truespotify,2025-07-21 12:01:46,"I am DJ X from Spotify, AMA What‚Äôs up y‚Äôall! X here, the voice behind Spotify‚Äôs DJ. I‚Äôll be doing an AMA today at 12pm ET/9am PST/4pm GMT, and I‚Äôm excited to take you behind the scenes of how we built this thing. From voicing the DJ to shaping the personality, working with the teams bringing the tech to life, and crafting an experience that actually  feels  human, there‚Äôs a lot that goes into it.   We can talk music, we can talk DJ, or just talk about what it‚Äôs like being the voice in your ears every day. Drop your questions below, I‚Äôll see you soon.   --   Update:  That was so much fun! Thanks for having me, y'all! Would love to hang out here longer but I'm actually headed to the studio for some more recordings üòé Let's do this again?   https://preview.redd.it/cpoo1wpgt7ef1.jpg?width=3024&format=pjpg&auto=webp&s=fb7e976588fe780909f795ca61f2a166def45fdb      submitted by     /u/DJXfromSpotify      [link]   [comments]",i am dj x from spotify ama what s up y all x here the voice behind spotify s dj i ll be doing an ama today at pm et am pst pm gmt and i m excited to take you behind the scenes of how we built this thing from voicing the dj to shaping the personality working with the teams bringing the tech to life and crafting an experience that actually feels human there s a lot that goes into it we can talk music we can talk dj or just talk about what it s like being the voice in your ears every day drop your questions below i ll see you soon update that was so much fun thanks for having me y all would love to hang out here longer but i m actually headed to the studio for some more recordings let s do this again submitted by u djxfromspotify link comments,0.7827,positive,0.7827
reddit,truespotify,2024-06-05 15:30:54,"I canceled my Spotify subscription of 6 years. No one cares, but this is after all a rant.    I feel like I am listening to the same music over and over and over and over and over and over and over and over and over and over.   Wanna listen to 90s? Here is LUNCH by Billie Eillish ü§©‚ú®Ô∏è   Wanna listen to soft rock? Here is LUNCH by Billie Eillish ü§©‚ú®Ô∏è   Wanna listen to rap/hip hop? Here is LUNCH by Billie Eillish ü§©‚ú®Ô∏è   Made for you killed Spotify for me. Spotify makes me hate my music because it keeps on playing it over and over again, everywhere. All my playlists are just the same songs over and over again. I have over 4000 liked songs and every playlist is the same.    +   The algorithm feels way to advertisy. I notice that when artists are about to drop albums, suddenly I get an influx of music by that artists in my shuffles or playlists because Spotify thinks I actually want to listen to my liked songs when I search for public playlists.   +   Price hike, duh. And for those who care, a price hike with a CEO who said music costs nothing to make as a way of justifying not paying artists.    I will be honest too tho. If Spotify ever fixes their poop, I would come back, but until Made For You dies or is optional, I am not coming back.    BTW, I like the LUNCH song, it's just overplayed on my Spotify playlists, that's all. I am a Billie Eilish fan lol    https://community.spotify.com/t5/Live-Ideas/Remove-the-quot-Made-For-You-quot-public-playlists-or-at-least/idi-p/6070281   I created a post, like it if you agree with me!      submitted by     /u/Nomostrax      [link]   [comments]",i canceled my spotify subscription of years no one cares but this is after all a rant i feel like i am listening to the same music over and over and over and over and over and over and over and over and over and over wanna listen to s here is lunch by billie eillish wanna listen to soft rock here is lunch by billie eillish wanna listen to rap hip hop here is lunch by billie eillish made for you killed spotify for me spotify makes me hate my music because it keeps on playing it over and over again everywhere all my playlists are just the same songs over and over again i have over liked songs and every playlist is the same the algorithm feels way to advertisy i notice that when artists are about to drop albums suddenly i get an influx of music by that artists in my shuffles or playlists because spotify thinks i actually want to listen to my liked songs when i search for public playlists price hike duh and for those who care a price hike with a ceo who said music costs nothing to make as a way of justifying not paying artists i will be honest too tho if spotify ever fixes their poop i would come back but until made for you dies or is optional i am not coming back btw i like the lunch song it s just overplayed on my spotify playlists that s all i am a billie eilish fan lol i created a post like it if you agree with me submitted by u nomostrax link comments,0.9729,positive,0.9729
reddit,truespotify,2025-08-11 12:30:25,"Excuse me Spotify, but this is not Ed Sheeran I thought this was a fun mistake which I suppose AI is at fault for.    They are not even look-alikes IMHO      submitted by     /u/SeaAd5449      [link]   [comments]",excuse me spotify but this is not ed sheeran i thought this was a fun mistake which i suppose ai is at fault for they are not even look alikes imho submitted by u seaad link comments,-0.2617,negative,0.2617
reddit,truespotify,2025-06-11 14:25:52,Spotify removed monthly listeners It‚Äôs gone on every artist. Very odd choice       submitted by     /u/brycemoy19      [link]   [comments],spotify removed monthly listeners it s gone on every artist very odd choice submitted by u brycemoy link comments,-0.3804,negative,0.3804
reddit,truespotify,2025-08-26 12:31:12,Spotify is adding DMs submitted by     /u/smileguy123      [link]   [comments],spotify is adding dms submitted by u smileguy link comments,0.0,neutral,0.0
reddit,truespotify,2025-01-14 18:49:41,Strange Email from Spotify Anybody know what this could be?      submitted by     /u/_xXBEYONDXx_      [link]   [comments],strange email from spotify anybody know what this could be submitted by u xxbeyondxx link comments,-0.2023,negative,0.2023
reddit,truespotify,2025-07-31 13:46:58,simple fix to spotify's biggest problem submitted by     /u/pjh1994      [link]   [comments],simple fix to spotify s biggest problem submitted by u pjh link comments,-0.4019,negative,0.4019
